Anomalies,Anomaly %,Total,Well
20,5.025125628140704,398,Well 1
268,5.008409643057372,5351,Well 2
20,5.025125628140704,398,Well 3
24,5.194805194805195,462,Well 4
